<?xml version="1.0" encoding="UTF-8"?>
<CompileSettings>
    <ProjectSettings>
        <Content Scope="Included">
            <Filter State="Off" Exclude="No" Type="Label">
                <CollectionID>2655DDF6-4AB8-42CB-A433-1CD76FC351D2</CollectionID>
                <Label>-1</Label>
                <Status>-1</Status>
            </Filter>
        </Content>
        <Options>
            <RemoveComments>Yes</RemoveComments>
            <RemoveAnnotations>Yes</RemoveAnnotations>
            <ResampleImages DPI="72">No</ResampleImages>
            <ConvertTablesAndListToMMD>Yes</ConvertTablesAndListToMMD>
            <PDF>
                <Cover Bleed="9.0" BleedUnits="pt"/>
                <Compression Enabled="No">
                    <ImageResolutionCompressionType>Set</ImageResolutionCompressionType>
                    <ImageResolution>150</ImageResolution>
                    <CompressionQuality>0.5</CompressionQuality>
                </Compression>
            </PDF>
            <Scriptwriting>
                <IncludeTitles>Yes</IncludeTitles>
                <IncludeSynopses>Yes</IncludeSynopses>
                <CommentsAsScriptNotes>Yes</CommentsAsScriptNotes>
            </Scriptwriting>
            <Ebook>
                <StartAfterFrontMatter>Yes</StartAfterFrontMatter>
                <Cover>
                    <ImageDocument Source="FrontMatter"/>
                    <Title>Cover</Title>
                    <SVG Width="600" Height="800"><![CDATA[]]></SVG>
                </Cover>
                <TOC PandocDepth="3">
                    <HTML Generate="Yes">
                        <Title>Contents</Title>
                    </HTML>
                </TOC>
            </Ebook>
        </Options>
        <MetaData>
            <ProjectTitle>Happiest_Day_of_My_Life</ProjectTitle>
            <ProjectAbbreviatedTitle>Happiest_Day_of_My_Life</ProjectAbbreviatedTitle>
            <Authors>
                <Author FileAs="Stitt, David" Role="aut">David Stitt</Author>
            </Authors>
            <Surname>Stitt</Surname>
            <Forename>David</Forename>
            <EbookLanguage>en</EbookLanguage>
            <FountainTitlePageMetaData>
                <Value Key="Title"><![CDATA[<$projecttitle>]]></Value>
                <Value Key="Author"><![CDATA[<$author>]]></Value>
            </FountainTitlePageMetaData>
            <MMDMetaData>
                <Value Key="Title"><![CDATA[<$projecttitle>]]></Value>
                <Value Key="Author"><![CDATA[<$author>]]></Value>
                <Value Key="Base Header Level"><![CDATA[2]]></Value>
            </MMDMetaData>
        </MetaData>
    </ProjectSettings>
    <CurrentFileType>Print</CurrentFileType>
    <FormatSettings>
        <Format ID="mmd-latex-custom-modern">
            <SectionLayouts>
                <Type ID="9AFECE21-8C79-45E0-9B9F-D6D62A9729D3">D1057067-9CF1-44C3-A4C8-34A90A393E89</Type>
                <Type ID="4C8BA32B-0E08-430E-A069-0F4688F47271">AS-IS</Type>
            </SectionLayouts>
        </Format>
        <Format ID="short-story-courier">
            <SectionLayouts>
                <Type ID="9AFECE21-8C79-45E0-9B9F-D6D62A9729D3">TEXT-SECTION</Type>
            </SectionLayouts>
            <FrontAndBackMatter>
                <DefaultFrontMatter Add="Yes">57ECC98D-8199-4935-B5F1-D1F7A2D60646</DefaultFrontMatter>
            </FrontAndBackMatter>
        </Format>
        <Format ID="markdown-outline">
            <SectionLayouts>
                <Type ID="9AFECE21-8C79-45E0-9B9F-D6D62A9729D3">809FF732-5DAA-4497-BE1B-A4621D00708E</Type>
                <Type ID="4C8BA32B-0E08-430E-A069-0F4688F47271">AS-IS</Type>
            </SectionLayouts>
        </Format>
        <Format ID="DEFAULT">
            <SectionLayouts>
                <Type ID="9AFECE21-8C79-45E0-9B9F-D6D62A9729D3">TEXT-SECTION</Type>
            </SectionLayouts>
        </Format>
        <Format ID="1B809FE1-5AE7-4232-A813-181D5CE8CB75">
            <SectionLayouts>
                <Type ID="9AFECE21-8C79-45E0-9B9F-D6D62A9729D3">D1057067-9CF1-44C3-A4C8-34A90A393E89</Type>
                <Type ID="4C8BA32B-0E08-430E-A069-0F4688F47271">AS-IS</Type>
            </SectionLayouts>
        </Format>
        <Format ID="mmd-latex-manuscript">
            <SectionLayouts>
                <Type ID="9AFECE21-8C79-45E0-9B9F-D6D62A9729D3">33DA6E09-C970-4D91-9ABD-D696778CB883</Type>
                <Type ID="4C8BA32B-0E08-430E-A069-0F4688F47271">AS-IS</Type>
            </SectionLayouts>
        </Format>
        <Format ID="mmd-latex-article">
            <SectionLayouts>
                <Type ID="9AFECE21-8C79-45E0-9B9F-D6D62A9729D3">33F62692-E26F-4C99-A2A7-1CEA738ACCB8</Type>
                <Type ID="4C8BA32B-0E08-430E-A069-0F4688F47271">AS-IS</Type>
            </SectionLayouts>
        </Format>
        <Format ID="mmd-barebones">
            <SectionLayouts>
                <Type ID="9AFECE21-8C79-45E0-9B9F-D6D62A9729D3">D1057067-9CF1-44C3-A4C8-34A90A393E89</Type>
                <Type ID="4C8BA32B-0E08-430E-A069-0F4688F47271">AS-IS</Type>
            </SectionLayouts>
        </Format>
        <Format ID="short-story-times">
            <Font>TimesNewRomanPSMT</Font>
            <SectionLayouts>
                <Type ID="9AFECE21-8C79-45E0-9B9F-D6D62A9729D3">TEXT-SECTION</Type>
            </SectionLayouts>
            <FrontAndBackMatter>
                <DefaultFrontMatter Add="Yes">57ECC98D-8199-4935-B5F1-D1F7A2D60646</DefaultFrontMatter>
            </FrontAndBackMatter>
        </Format>
    </FormatSettings>
    <LastUsedFormats>
        <Print>short-story-times</Print>
        <odt>DEFAULT</odt>
        <kf8>e-book</kf8>
        <epub3>e-book</epub3>
        <fdx>script-screenplay</fdx>
        <txt>plain-text-screenplay</txt>
        <mmd>DEFAULT</mmd>
        <pdf>DEFAULT</pdf>
        <mobi>e-book-legacy</mobi>
        <mmd-pdf>1B809FE1-5AE7-4232-A813-181D5CE8CB75</mmd-pdf>
        <Fountain>script-screenplay</Fountain>
        <mmd-latex>1B809FE1-5AE7-4232-A813-181D5CE8CB75</mmd-latex>
        <epub2>e-book-legacy</epub2>
        <html>DEFAULT</html>
        <rtf>DEFAULT</rtf>
    </LastUsedFormats>
</CompileSettings>