{
   "basicInformation": {

      "name": "JChunick - Political Borders (Paths)",

      "version": "1.0",

      "author": {
         "exists": true,
         "name": "Josh Chunick",
         "mail": "jchunick@gmail.com",
         "url": "http://www.random-roll.com",
         "donationURL": "https://www.patreon.com/jchunick"
      },

      "distributor": {
         "exists": false,
         "name": "Distributor name",
         "mail": "distributor@email.com",
         "url": "http://www.distributorwebsite.com",
         "donationURL": "http://www.distributordonationwebsite.com"
      },

      "commercialUse": false,

      "commercialURL": false,

      "license": {
         "hasLicense": true,
         "type": "CC BY-NC-SA 4.0",
         "localFile": true,
         "externalLink": false,
         "commentary": false
      },

      "tags": [
         "paths",
         "political",
		 "borders",
		 "colourable"
      ],

      "description": "A set of 8 different styles of political border paths for use in Wonderdraft."
   }
}